<?xml version="1.0" encoding="UTF-8" standalone="no"?><configurationDescriptor version="62">
  <logicalFolder displayName="root" name="root" projectFiles="true">
    <logicalFolder displayName="Header Files" name="HeaderFiles" projectFiles="true">
    </logicalFolder>
    <logicalFolder displayName="Linker Files" name="LinkerScript" projectFiles="true">
    </logicalFolder>
    <logicalFolder displayName="Source Files" name="SourceFiles" projectFiles="true">
      <logicalFolder displayName="gcdemo_adc" name="gcdemo_adc" projectFiles="true">
        <itemPath>../src/gcdemo_adc/ADC_Pipeline.c</itemPath>
        <itemPath>../src/gcdemo_adc/ADC_SigmaDelta.c</itemPath>
        <itemPath>../src/gcdemo_adc/ADC_Pipeline.h</itemPath>
        <itemPath>../src/gcdemo_adc/ADC_SigmaDelta.h</itemPath>
        <itemPath>../src/gcdemo_adc/pipeline.c</itemPath>
        <itemPath>../src/gcdemo_adc/pipeline.h</itemPath>
      </logicalFolder>
      <logicalFolder displayName="gcdemo_mtouch" name="gcdemo_mtouch" projectFiles="true">
        <itemPath>../src/gcdemo_mtouch/HardwareProfile.h</itemPath>
        <itemPath>../src/gcdemo_mtouch/mTouchConfig.h</itemPath>
      </logicalFolder>
      <logicalFolder displayName="Microchip" name="Microchip" projectFiles="true">
        <logicalFolder displayName="Help" name="Help" projectFiles="true">
        </logicalFolder>
        <logicalFolder displayName="Include" name="Include" projectFiles="true">
          <logicalFolder displayName="mTouchCap" name="mTouchCap" projectFiles="true">
            <itemPath>../Microchip/Include/mTouchCap/mTouch.h</itemPath>
            <itemPath>../Microchip/Include/mTouchCap/mTouch2ChSlider.h</itemPath>
            <itemPath>../Microchip/Include/mTouchCap/mTouch4ChSlider.h</itemPath>
            <itemPath>../Microchip/Include/mTouchCap/mTouchAcquisitionPIC24.h</itemPath>
            <itemPath>../Microchip/Include/mTouchCap/mTouchButton.h</itemPath>
            <itemPath>../Microchip/Include/mTouchCap/mTouchControl.h</itemPath>
            <itemPath>../Microchip/Include/mTouchCap/mTouchDebug.h</itemPath>
            <itemPath>../Microchip/Include/mTouchCap/mTouchMatrixButton.h</itemPath>
            <itemPath>../Microchip/Include/mTouchCap/mTouchSensor.h</itemPath>
          </logicalFolder>
          <logicalFolder displayName="USB" name="USB" projectFiles="true">
            <itemPath>../Microchip/Include/USB/usb.h</itemPath>
            <itemPath>../Microchip/Include/USB/usb_ch9.h</itemPath>
            <itemPath>../Microchip/Include/USB/usb_common.h</itemPath>
            <itemPath>../Microchip/Include/USB/usb_device.h</itemPath>
            <itemPath>../Microchip/Include/USB/usb_function_cdc.h</itemPath>
            <itemPath>../Microchip/Include/USB/usb_function_generic.h</itemPath>
            <itemPath>../Microchip/Include/USB/usb_hal.h</itemPath>
            <itemPath>../Microchip/Include/USB/usb_hal_pic24.h</itemPath>
            <itemPath>../Microchip/Include/USB/usb_hal_pic24f.h</itemPath>
          </logicalFolder>
          <itemPath>../Microchip/Include/Compiler.h</itemPath>
          <itemPath>../Microchip/Include/GenericTypeDefs.h</itemPath>
        </logicalFolder>
      </logicalFolder>
      <itemPath>../src/main.c</itemPath>
      <itemPath>../src/main.h</itemPath>
    </logicalFolder>
    <logicalFolder displayName="Important Files" name="ExternalFiles" projectFiles="false">
      <itemPath>Makefile</itemPath>
    </logicalFolder>
  </logicalFolder>
  <sourceRootList>
    <Elem>../src/gcdemo_adc</Elem>
    <Elem>../src/gcdemo_mtouch</Elem>
    <Elem>../src/gcdemo_usb</Elem>
    <Elem>../src/gcdemo_utilities</Elem>
    <Elem>../Microchip</Elem>
  </sourceRootList>
  <projectmakefile>Makefile</projectmakefile>
  <confs>
    <conf name="default" type="2">
      <toolsSet>
        <developmentServer>localhost</developmentServer>
        <targetDevice>PIC24FJ128GC010</targetDevice>
        <targetHeader/>
        <targetPluginBoard/>
        <platformTool>PKOBSKDEPlatformTool</platformTool>
        <languageToolchain>XC16</languageToolchain>
        <languageToolchainVersion>1.11</languageToolchainVersion>
        <platform>3</platform>
      </toolsSet>
      <compileType>
        <linkerTool>
          <linkerLibItems>
            <linkerLibFileItem>../GCLibBuilder.X/dist/Build_All/production/GCLibBuilder.X.a</linkerLibFileItem>
          </linkerLibItems>
        </linkerTool>
        <loading>
          <useAlternateLoadableFile>false</useAlternateLoadableFile>
          <alternateLoadableFile/>
        </loading>
      </compileType>
      <makeCustomizationType>
        <makeCustomizationPreStepEnabled>false</makeCustomizationPreStepEnabled>
        <makeCustomizationPreStep/>
        <makeCustomizationPostStepEnabled>false</makeCustomizationPostStepEnabled>
        <makeCustomizationPostStep/>
        <makeCustomizationPutChecksumInUserID>false</makeCustomizationPutChecksumInUserID>
        <makeCustomizationEnableLongLines>false</makeCustomizationEnableLongLines>
        <makeCustomizationNormalizeHexFile>false</makeCustomizationNormalizeHexFile>
      </makeCustomizationType>
      <C30>
        <property key="code-model" value="default"/>
        <property key="const-model" value="default"/>
        <property key="data-model" value="default"/>
        <property key="enable-all-warnings" value="true"/>
        <property key="enable-ansi-std" value="false"/>
        <property key="enable-ansi-warnings" value="false"/>
        <property key="enable-fatal-warnings" value="false"/>
        <property key="enable-large-arrays" value="false"/>
        <property key="enable-omit-frame-pointer" value="false"/>
        <property key="enable-procedural-abstraction" value="false"/>
        <property key="enable-short-double" value="false"/>
        <property key="enable-symbols" value="true"/>
        <property key="enable-unroll-loops" value="false"/>
        <property key="extra-include-directories" value="..\src\gcdemo_adc;..\src\gcdemo_utilities;..\src\gcdemo_mtouch;..\src\gcdemo_usb;..\src\;..\Microchip\Include;..\Microchip\Include\USB;..\Microchip\Include\mTouchCap"/>
        <property key="isolate-each-function" value="false"/>
        <property key="keep-inline" value="false"/>
        <property key="oXC16gcc-align-arr" value="false"/>
        <property key="oXC16gcc-cnsts-mauxflash" value="false"/>
        <property key="oXC16gcc-data-sects" value="false"/>
        <property key="oXC16gcc-errata" value=""/>
        <property key="oXC16gcc-fillupper" value=""/>
        <property key="oXC16gcc-large-aggregate" value="false"/>
        <property key="oXC16gcc-mauxflash" value="false"/>
        <property key="oXC16gcc-mpa-lvl" value=""/>
        <property key="oXC16gcc-name-text-sec" value=""/>
        <property key="oXC16gcc-near-chars" value="false"/>
        <property key="oXC16gcc-no-isr-warn" value="false"/>
        <property key="oXC16gcc-sfr-warn" value="false"/>
        <property key="oXC16gcc-smar-io-lvl" value="1"/>
        <property key="oXC16gcc-smart-io-fmt" value=""/>
        <property key="optimization-level" value="0"/>
        <property key="post-instruction-scheduling" value="default"/>
        <property key="pre-instruction-scheduling" value="default"/>
        <property key="preprocessor-macros" value=""/>
        <property key="scalar-model" value="default"/>
        <property key="use-cci" value="false"/>
      </C30>
      <C30-AS>
        <property key="assembler-symbols" value=""/>
        <property key="expand-macros" value="false"/>
        <property key="extra-include-directories-for-assembler" value=""/>
        <property key="extra-include-directories-for-preprocessor" value=""/>
        <property key="false-conditionals" value="false"/>
        <property key="keep-locals" value="false"/>
        <property key="list-assembly" value="false"/>
        <property key="list-section-info" value="false"/>
        <property key="list-source" value="false"/>
        <property key="list-symbols" value="false"/>
        <property key="oXC16asm-extra-opts" value=""/>
        <property key="oXC16asm-list-to-file" value="false"/>
        <property key="omit-debug-dirs" value="false"/>
        <property key="omit-forms" value="false"/>
        <property key="preprocessor-macros" value=""/>
        <property key="relax" value="false"/>
        <property key="warning-level" value="emit-warnings"/>
      </C30-AS>
      <C30-LD>
        <property key="additional-options-use-response-files" value="false"/>
        <property key="boot-eeprom" value="no_eeprom"/>
        <property key="boot-flash" value="no_flash"/>
        <property key="boot-ram" value="no_ram"/>
        <property key="boot-write-protect" value="no_write_protect"/>
        <property key="enable-check-sections" value="false"/>
        <property key="enable-data-init" value="true"/>
        <property key="enable-default-isr" value="true"/>
        <property key="enable-handles" value="true"/>
        <property key="enable-pack-data" value="true"/>
        <property key="extra-lib-directories" value=""/>
        <property key="general-code-protect" value="no_code_protect"/>
        <property key="general-write-protect" value="no_write_protect"/>
        <property key="generate-cross-reference-file" value="false"/>
        <property key="heap-size" value="2048"/>
        <property key="input-libraries" value=""/>
        <property key="linker-symbols" value=""/>
        <property key="map-file" value=""/>
        <property key="oXC16ld-extra-opts" value=""/>
        <property key="oXC16ld-fill-upper" value="0"/>
        <property key="oXC16ld-force-link" value="false"/>
        <property key="oXC16ld-no-smart-io" value="false"/>
        <property key="oXC16ld-nostdlib" value="false"/>
        <property key="oXC16ld-stackguard" value="16"/>
        <property key="preprocessor-macros" value=""/>
        <property key="remove-unused-sections" value="false"/>
        <property key="report-memory-usage" value="true"/>
        <property key="secure-eeprom" value="no_eeprom"/>
        <property key="secure-flash" value="no_flash"/>
        <property key="secure-ram" value="no_ram"/>
        <property key="secure-write-protect" value="no_write_protect"/>
        <property key="stack-size" value="16"/>
        <property key="symbol-stripping" value=""/>
        <property key="trace-symbols" value=""/>
        <property key="warn-section-align" value="false"/>
      </C30-LD>
      <C30Global>
        <property key="fast-math" value="false"/>
        <property key="generic-16-bit" value="false"/>
        <property key="legacy-libc" value="false"/>
        <property key="oXC16glb-macros" value=""/>
        <property key="output-file-format" value="elf"/>
      </C30Global>
      <PKOBSKDEPlatformTool>
      </PKOBSKDEPlatformTool>
    </conf>
    <conf name="Build_USB" type="2">
      <toolsSet>
        <developmentServer>localhost</developmentServer>
        <targetDevice/>
        <targetHeader/>
        <targetPluginBoard/>
        <platformTool>Simulator</platformTool>
        <languageToolchain/>
        <languageToolchainVersion/>
        <platform>3</platform>
      </toolsSet>
      <compileType>
        <linkerTool>
          <linkerLibItems>
            <linkerLibFileItem>../GCLibBuilder.X/dist/Build_All/production/GCLibBuilder.X.a</linkerLibFileItem>
          </linkerLibItems>
        </linkerTool>
        <loading>
          <useAlternateLoadableFile>false</useAlternateLoadableFile>
          <alternateLoadableFile/>
        </loading>
      </compileType>
      <makeCustomizationType>
        <makeCustomizationPreStepEnabled>false</makeCustomizationPreStepEnabled>
        <makeCustomizationPreStep/>
        <makeCustomizationPostStepEnabled>false</makeCustomizationPostStepEnabled>
        <makeCustomizationPostStep/>
        <makeCustomizationPutChecksumInUserID>false</makeCustomizationPutChecksumInUserID>
        <makeCustomizationEnableLongLines>false</makeCustomizationEnableLongLines>
        <makeCustomizationNormalizeHexFile>false</makeCustomizationNormalizeHexFile>
      </makeCustomizationType>
    </conf>
    <conf name="Build_GC_Utilities" type="2">
      <toolsSet>
        <developmentServer>localhost</developmentServer>
        <targetDevice/>
        <targetHeader/>
        <targetPluginBoard/>
        <platformTool>Simulator</platformTool>
        <languageToolchain/>
        <languageToolchainVersion/>
        <platform>3</platform>
      </toolsSet>
      <compileType>
        <linkerTool>
          <linkerLibItems>
            <linkerLibFileItem>../GCLibBuilder.X/dist/Build_All/production/GCLibBuilder.X.a</linkerLibFileItem>
          </linkerLibItems>
        </linkerTool>
        <loading>
          <useAlternateLoadableFile>false</useAlternateLoadableFile>
          <alternateLoadableFile/>
        </loading>
      </compileType>
      <makeCustomizationType>
        <makeCustomizationPreStepEnabled>false</makeCustomizationPreStepEnabled>
        <makeCustomizationPreStep/>
        <makeCustomizationPostStepEnabled>false</makeCustomizationPostStepEnabled>
        <makeCustomizationPostStep/>
        <makeCustomizationPutChecksumInUserID>false</makeCustomizationPutChecksumInUserID>
        <makeCustomizationEnableLongLines>false</makeCustomizationEnableLongLines>
        <makeCustomizationNormalizeHexFile>false</makeCustomizationNormalizeHexFile>
      </makeCustomizationType>
    </conf>
    <conf name="Build_MLA" type="2">
      <toolsSet>
        <developmentServer>localhost</developmentServer>
        <targetDevice/>
        <targetHeader/>
        <targetPluginBoard/>
        <platformTool>Simulator</platformTool>
        <languageToolchain/>
        <languageToolchainVersion/>
        <platform>3</platform>
      </toolsSet>
      <compileType>
        <linkerTool>
          <linkerLibItems>
            <linkerLibFileItem>../GCLibBuilder.X/dist/Build_All/production/GCLibBuilder.X.a</linkerLibFileItem>
          </linkerLibItems>
        </linkerTool>
        <loading>
          <useAlternateLoadableFile>false</useAlternateLoadableFile>
          <alternateLoadableFile/>
        </loading>
      </compileType>
      <makeCustomizationType>
        <makeCustomizationPreStepEnabled>false</makeCustomizationPreStepEnabled>
        <makeCustomizationPreStep/>
        <makeCustomizationPostStepEnabled>false</makeCustomizationPostStepEnabled>
        <makeCustomizationPostStep/>
        <makeCustomizationPutChecksumInUserID>false</makeCustomizationPutChecksumInUserID>
        <makeCustomizationEnableLongLines>false</makeCustomizationEnableLongLines>
        <makeCustomizationNormalizeHexFile>false</makeCustomizationNormalizeHexFile>
      </makeCustomizationType>
    </conf>
  </confs>
</configurationDescriptor>